facade/01wwm6ios27wr2iznpklrmn5aebf3ya8qafv5g9a8.jpg,facade
facade/021kee0oct5bj70xbz3n0708fsa5ao11lyt7ups00.jpg,facade
facade/03z1uqm8r2hkop4wxkb010pvr59mhdveor7m0yqt4.jpg,facade
facade/06x9dma7epn8mleq5dw0yzx1o0s6q03ewm2l6lbi8.jpg,facade
facade/0ejtvszdg93r49mporahm0wos2jsbpvechl0kb280.jpg,facade
facade/0eyrz86iy6lvaw4xqxz2f98souchzdb0734d760e8.jpg,flat
facade/0k9qqbkv1d7unzuxjklqjad6ezf2has2p6gxwimh9.jpg,facade
facade/0l8aytksgwikihuhbx47u2psgmyyow27mtl9bax0w.jpg,facade
facade/0lti8pd3oinbnf8elx9jcxs126pec4jmk1qtp5e68.jpg,facade
facade/0nn8ysy7jts68758so1g61hbg1tplqcuz037wjyu8.jpg,facade
facade/0vr7ixcp60m8dj5g18ahx005p2nvur81gq6i2wsu8.jpg,facade
facade/0wqnunu4evy8yb8bfvrqdl6mcrto6a2e5mj68yc8w.jpg,facade
facade/0zvzl6xabos035flobl5m8v55n9n07x8n0ojatkow.jpg,facade
facade/12mcwzfvoxw66n8hrpdd3h9dprcryjaep746806xs.jpg,facade
facade/17jk4jmyh4n78tnd8d2ebrrbpmbum1ydkt8b29rlg.jpg,flat
facade/17mt3tfbbhj4nibku4acib0n5sfqlnbynu13gsqw0.jpg,flat
facade/1adtxi9hqqp8d5uzqzio6chn4ls8151lekr8sao00.jpg,flat
facade/1ofn2nwegrurmfofzgivhuzz4dp5bj2gfq44ybokg.jpg,flat
facade/1p10ik8d9v1uaeb76t0cukhm57i21f9cz18995e00.jpg,flat
facade/1rf4ynuu0dyijdzt9vlqid4n051ebvule8s16p2ps.jpg,flat
facade/1sjbnk26kk3n8e2d7z1aly6338dyvfi5awg4ywetc.jpg,flat
facade/22ofay28tlh76l904r977ttqnhvgpdltsfdwo411u.jpg,flat
facade/27j494pg905gta9vs2rrk78vz7851deswsdle5j3o.jpg,flat
facade/29vurnqrv3uyj8yipo3y5lytjjni37h059hc3v3gy.jpg,flat
flat/10065xxlsxc2yxyhpve6shoqj8rsfxm305mm17z2q.jpg,flat
flat/11n1xytigmsc3xxq90tz4tiim5zgfmqex3axp845c.jpg,facade
flat/11vg9g6b6df9zy7kl9xhouirq0xer4e890y536qrk.jpg,flat
flat/12bjfbdzzmushluz0syuvezohslrvm9pdbl5zc9vk.jpg,flat
flat/12t46o21udpn85vav1qr7452gpajrb1awu8fa064g.jpg,flat
flat/132j59bq818xjj7j96dkj0vj6ndmjzf5cv5q2xrfk.jpg,flat
flat/13585rxjni78a0hbjfym9jnp9xgan54ragiqhyh34.jpg,flat
flat/13ennifkd2fzf2bgrrprq8jg1pjjuhmzql2gqs5sl.jpg,flat
flat/13jwwbs0t77mi5ej0i67ywcmu0srm5bale5fudnun.jpg,flat
flat/14g03l3fpo7i4ajfnvlnyem4cp4sn3bs6xd2c2zgg.jpg,flat
flat/14gsk1dlus3mgrqyrnmkts70tpnkprxmsmnyjlkkg.jpg,flat
flat/14x4tgflqb70glxcsbqeca6nqynfpm0sw0gqgmvsw.jpg,facade
flat/15jieo5z70w7a8ldrtwyd5akxgb0soxa0uc8hs0m8.jpg,facade
flat/15yret9f2odcg2b0unj4a7f1dq9rz9pt7cpizz044.jpg,flat
flat/16w973h8zh10otgn5vqcpls6iqzu4j4grzb371rv8.jpg,flat
flat/19i89t2olzskg3vyrhaxhzxc8wcuy54u2x8et4b4k.jpg,flat
flat/1abhoxqprvjvkqgc1ddqy3bwpobf8s0oj7v89q251.jpg,flat
flat/1awuuh56y4nvl5l1ufsqmmtrv5hl0pp9kg6o8ikxs.jpg,facade
flat/1azrtpq54c6p0irkrv7x63qsvawb4fx3dy95c1ou8.jpg,flat
flat/1bap5axjglt2qp0qzhviscu9wcqfkcpm8l5xo4irk.jpg,flat
flat/1bttcpq9q6alwphhdwsskthbeun1k2snn3aes2wao.jpg,flat
flat/1c0n4x5waiacnrwzjvz117lu1klj25epq7e7c7jh0.jpg,flat
flat/1ce0lbdv28iepiwqpunkjexiz9adapbzevowaz30g.jpg,facade
flat/1ckhjnyhg3ofl4cqt451goyjzuk457dn34zk1vg8w.jpg,flat
flat/1cxumzymizxk46cspbz7gdvseg2m76vz7ojfkc4xs.jpg,flat
flat/1d9cbnmkv8pwsflxerh8rl373k6rkabzmatwd48sg.jpg,flat
flat/1dgt98e7ak9xrxvfjnkiug35lofa1f70tjq9slg5c.jpg,flat
flat/1dovkj12n0nvhc8hqyun02giczw5d63c02qtbu2c7.jpg,flat
flat/1drn30zxp0iqrojbn5dizgc322evdof6juvha8zds.jpg,facade
flat/1e88qmqcodzdw92t5g558332otu0du9dei4yh13p0.jpg,flat
flat/1eg0602evglhbp8lr89swdq37whgmri4nogjmgvog.jpg,flat
flat/1f0nxuguakt55li02dg3rsce3wy9p6qu4va3v4io0.jpg,flat
flat/1f97a1t7unslpv64qua0qzlut1szn1hz226sdgwnr.jpg,flat
flat/1fb5a11ertj3j9siwih62150bv68yexbozzdhcpo4.jpg,flat
flat/1ferlnqtjaf28nw3stmxr5xg1rb0wkl98k1ei6juo.jpg,flat
flat/1fkp9qa0pu4u93itaydk6fmhdvls7zy6lt7xqxh5s.jpg,facade
flat/1frov2967abh2ab0c4bkye08265ts4pn9jsehb18g.jpg,flat
flat/1fv5dcl9n7w43gr8y8f7cey151o3t36pskzyx1t7k.jpg,facade
flat/1g7jlowr0y10dwn5t2kd8k6hlaqq66s670rqwn8qo.jpg,flat
flat/1ga4f7zr5s1lyicvbe8itkv5542jazfuuni9ijreo.jpg,flat
flat/1ga60zltb15c5h9tlj2gihh88r9gpn015weyhdkw0.jpg,flat
flat/1h74bd2ofqstv7m8s7t37t388nzvpo5mmx6vyighg.jpg,facade
flat/1ibnf5vnihu6cw1nr050j86qw7fqr762mkgqm4yms.jpg,flat
flat/1jt7fwo6j6yn7dsyjgzna3m54o03vwttoruhprs3k.jpg,facade
flat/1k5lvf9j6bz02r9j4dydm23pw6teso18gp23jkrbo.jpg,facade
flat/1k90v6q15i2234a1224t3yyb9djkoqyth3wq0vqwk.jpg,facade
flat/1lgf5x3o7a5lu79ofgm7e2qqt5u5mcbwo3gv6ndeo.jpg,flat
flat/1lo5671bpecuudjt1kuk0qiu7tye43bb79juc9kbk.jpg,flat
flat/1mzf4bku86k328exi10s27engw3ujrsyvrtuskk0i.jpg,flat
flat/1n1t0yqf987wusdg7467m5v4gr6a9j88zo7kpxrgg.jpg,flat
flat/1n9ms9dvfbv6j353k2pnkfiugxxt1fvvklpvwjz0g.jpg,flat
flat/1nel74nrqqygdn4hhhuslb88ps5rsqti1fhdjz0g0.jpg,flat
flat/1o60awm0xcd3in9djur5bgu0r9gnwwqvvviavr11c.jpg,flat
flat/1o6ldtw79q0ec2kuq9lx9tdbuyr92hjxcfui6pee8.jpg,flat
flat/1ofulb9z9emqkbn2q23ydchu6cs1zdtx8jm8fy68w.jpg,facade
flat/1onnvcrs3hzzqvzzgrgyuv2u65p1sjb0hrsteo274.jpg,flat
flat/1p4qvmmz0n71n0lpjqiixity728sfdfnn23brsikg.jpg,flat
flat/1pg23i9cb4aug1rn3sfkay6612btuvzurlhh4oao0.jpg,flat
flat/1pwkw3f1gum8yf6xlz64d2i23lvo67046kzgrx5r4.jpg,flat
flat/1q42nmcnj1uop5cr78g41bs27j5k9l9rry1p2iiao.jpg,flat
flat/1qdw8mf9c6k64c9rtb61rdgy1hi172f4vqqhgb5kw.jpg,flat
flat/1qi3rbsbmk58e3cwd4tk05k6pb4yjnac9reez7m1h.jpg,flat
flat/1r78gb92nmgx8841j3zkirb4wmxidoya3i1cktreo.jpg,flat
flat/1raxb3e0qhjb0wev6tj0vm9iam24f7i96n2mgmg4g.jpg,flat
flat/1rnxx4mtsjfwt4xg7g9ghjqlomjatlrfa64unyino.jpg,flat
flat/1rtm8hvefcfhe15z1cgop1y2rqcimuqmlc3ln8bbq.jpg,flat
flat/1t4dhyx7xk5v4wlbud2p484e86yl4i2wwaqovmhq8.jpg,flat
flat/1t7a2386b2cx4egv9vmzyav56hjna6yyp9pgo2lmc.jpg,flat
flat/1u5bgbjeilijw8dngjih6h8pze59cpe9kqisg3cw0.jpg,flat
flat/1udcmnpyuc3jqpk2xvtcujfy3dmnoj4puniwniiyo.jpg,flat
flat/1uy4c5mnw0ig8geruhz3bl9zwt65t2huiur51thxc.jpg,facade
flat/1vt2pfcqwdpxw8gnzl6z7160ppiupaqhw9szrj4e8.jpg,facade
flat/1w589re8seujuwe6puitn8wpvw68qlmmfi8f4rxts.jpg,facade
flat/1wuuooirx3okvpm2mgzedaugp1wd5cbetio3igjtj.jpg,facade
flat/1xbaejm8yiqng908gg8hj1omkkrbyg0ay70010wno.jpg,facade
flat/1xi2w8c1z1zmarbj2ctrerr3y87lgb3ijm6oo3rkw.jpg,facade
flat/1ydaygc3el1w1hmefbyn22vyu6j7sslk5divlkgn4.jpg,flat
flat/1ydd8q438oiof0hgvuub9j2z0v6zb7jxx8o70e334.jpg,facade
flat/1yu9ry3o74x3qeku8q7f4hjl9w5n3eq2pkl5o1zkk.jpg,facade
flat/1zc7ru35oi8ds9p1alwjr5q2281jx10zn6yhhyu80.jpg,facade
flat/1zhci7ougqbyr6vo23v7vyoiif2qro0fqhznz3z7k.jpg,facade
